Name,Role,Designation,Laptop_Service_Tag,Created_Date
reena test,[Employee],[Junior QA Engineer],US-SVT-2026-100,14-03-2026 10:15:15
amelia .,[NEW QA1],[Senior QA Engineer],US-SVT-2026-009,14-03-2026 10:12:42
Gyana Priya,[Qa admin],[Associate QA Lead],as56,11-03-2026 06:23:17
Lakshmi Priya,[Employee],[Software Engineer],as56,11-03-2026 06:20:51
Tester QA,[Hr admin],[Project Manager],5465,10-02-2026 06:18:07
Harini Test New,[Admin],[Director],2324,10-02-2026 06:16:42
Test QA,[Qa admin],[QA Engineer],US-SVT-2026-009,09-02-2026 12:58:57
Michael Johnson,[Employee],[Senior Software Engineer],US-SVT-2026-009,19-01-2026 06:17:34
Kanna M,[Admin],[Director],77,14-01-2026 10:52:11
Vijay M,[Dev admin],[Project Manager],7,14-01-2026 10:38:02
Harini K,[Employee],[Senior QA Engineer],HK112,14-01-2026 10:29:47
Aaru Anbu,[Employee],[Junior Software Engineer],3434455,13-01-2026 06:29:07
Dev Test,[Employee],[Junior Software Engineer],100,07-01-2026 10:48:25
Gowsalya J,[Employee],[Senior QA Engineer],1WERRR,16-12-2025 12:50:43
user02 02,[Office admin],[Senior QA Engineer],53,28-11-2025 07:05:31
vikram s,[Employee],[Senior Software Engineer],324,26-11-2025 09:13:41
software tester22,[Qa admin],[Senior QA Engineer],123,14-11-2025 12:29:44
tester01 t1,[Qa admin],[Junior QA],158,14-11-2025 12:27:00
dinesh s,[Dev admin],[Junior Software Engineer],pr776,14-11-2025 06:52:17
dinesh S,[Employee],[Junior Software Engineer],17,14-11-2025 05:09:06